gene_id,gene_symbol,baseMean,log2FoldChange,lfcSE,pvalue,padj
ENSG00000143878,RHOB,1273.9200627022476,1.8065280388878535,0.08960336827965537,1.3331543154140323e-91,2.2115696938403383e-87
ENSG00000177606,JUN,2069.0107275149544,1.060726308026735,0.06399387341228906,8.762229747071471e-63,4.845220975805621e-59
ENSG00000168209,DDIT4,612.619962183018,-1.6762478174204647,0.10678262373982186,1.0224367941854223e-56,3.392240795748394e-53
ENSG00000141682,PMAIP1,828.4844489909474,1.5140219835031852,0.09785757456969536,3.7144696463123574e-55,8.802762423239384e-52
ENSG00000278828,H3C10,1808.0997470385455,-1.0384432145188063,0.06735944344407001,1.0506018256432715e-54,2.178554210699529e-51
ENSG00000184260,H2AC20,2341.3366719986357,-1.0081407594763947,0.06599631392704088,9.704488678155965e-54,1.7887529186881034e-50
ENSG00000132386,SERPINF1,168.9125269082162,-3.3374169478127658,0.224620780991613,3.9399787545709184e-51,6.536030755957697e-48
ENSG00000140598,EFL1,306.3160273411291,2.049280318286251,0.1403319747302073,1.4380461343454969e-49,2.168704302059768e-46
ENSG00000165025,SYK,142.76601545751586,3.451742084317459,0.2464267412666172,8.524634028186444e-46,1.0878088761044994e-42
ENSG00000163320,CGGBP1,654.344900058197,-1.5368598304087147,0.11298235698808197,2.405713927299306e-43,2.6605592226645458e-40
ENSG00000019549,SNAI2,571.6359431154474,-1.340035295363581,0.09872572448802505,4.060653253497829e-43,4.210136051392218e-40
ENSG00000171246,NPTX1,228.56084194713316,2.3758615133899923,0.180564058372423,9.761098916400102e-41,8.99593721800896e-38
ENSG00000154277,UCHL1,1512.211923752421,1.0577424431456282,0.08189411161584662,3.101423546847313e-39,2.5724757609325037e-36
ENSG00000151012,SLC7A11,401.41321362098284,-1.7422195815582255,0.1367178054100629,2.183497756311202e-38,1.6464565581566604e-35
ENSG00000180730,SHISA2,155.07465109696628,2.7247420248737386,0.21434245284538295,3.309803479855946e-38,2.387231735970882e-35
ENSG00000152749,GPR180,310.0444798249415,-1.7171356198137182,0.135414036233763,4.770267013064396e-38,3.29724831165522e-35
ENSG00000174460,ZCCHC12,360.6339786750148,1.7253752079503688,0.13707306689086884,1.4867773969040958e-37,9.865660094896818e-35
ENSG00000144747,TMF1,332.3848128001661,-3.433966505306062,0.27534267733905354,4.9353432351735e-37,3.0323114417886365e-34
ENSG00000153904,DDAH1,447.74275636144296,1.3266464277708583,0.10868752236417559,2.0941788960562628e-35,1.240726203809905e-32
ENSG00000184678,H2BC21,1563.7963646723606,-1.041601032455944,0.08701925563033472,4.1366688006866285e-34,2.3663171977444994e-31
ENSG00000109332,UBE2D3,2622.4024284758325,-1.2587576393467115,0.10709100320740188,4.543222803370155e-33,2.431210422100242e-30
ENSG00000144746,ARL6IP5,440.06452264276663,-1.678691577915576,0.14457531957909944,2.160265164110768e-32,1.1198949627322978e-29
ENSG00000163584,RPL22L1,442.87655956125457,-1.4199095780679363,0.1291931449276679,2.844686877506247e-29,1.3483003031700325e-26
ENSG00000120885,CLU,792.5393908423006,1.5805139133442192,0.14602637428611762,1.7312082725730352e-28,7.407584992710988e-26
ENSG00000134762,DSC3,303.52828036745564,1.7697803131843748,0.166636727750972,1.422810391696557e-27,5.9007503969635465e-25
ENSG00000071794,HLTF,847.1839761811079,-1.019833445679412,0.0958801517116652,1.64049044911534e-27,6.63758440496936e-25
ENSG00000135046,ANXA1,197.0882264850921,2.4403219924713424,0.23875466549117558,6.934967688416013e-26,2.614640431434846e-23
ENSG00000021826,CPS1,164.227234342616,-1.9018330455524828,0.18573603648402628,8.414370876519829e-26,3.034478227621466e-23
ENSG00000013588,GPRC5A,230.77025155373153,3.3474210047222344,0.33243597367661004,1.967580849061808e-25,6.944723128741773e-23
ENSG00000148677,ANKRD1,98.80409924026888,2.784978545071889,0.27465220282258734,2.3085640083683787e-25,7.978493403088132e-23
ENSG00000175868,CALCB,140.41516376965484,2.0974375402622725,0.2080475289323668,4.2260869109437345e-25,1.430746036033584e-22
ENSG00000102034,ELF4,198.2897940526548,1.69259145817866,0.1702489038263492,1.8451481078205457e-24,6.121832392127006e-22
ENSG00000128591,FLNC,364.48288547092557,1.3016060263579379,0.13113094064207242,2.2372199049946556e-24,7.169174492079543e-22
ENSG00000178538,CA8,127.10949692085848,2.159859759174215,0.21923780223636136,3.913799448700315e-24,1.1804730737179914e-21
ENSG00000180573,H2AC6,1260.5220309502085,-1.0670905823608705,0.10819820324618323,4.796293413842352e-24,1.3958896744251014e-21
ENSG00000152661,GJA1,515.6154731889179,-1.0451822200490695,0.10609592803849364,5.586774942540312e-24,1.5708306698610377e-21
ENSG00000083937,CHMP2B,406.417695441974,-1.4125344430852576,0.14416582927258031,7.50654442360122e-24,2.041410908903617e-21
ENSG00000009694,TENM1,83.71108632438141,-3.0062829043043386,0.3111871735631784,3.113586752890049e-23,8.198617562490955e-21
ENSG00000124762,CDKN1A,385.7006466073879,1.6055264007684389,0.1714855505349538,5.079753402069339e-22,1.221275785317801e-19
ENSG00000112339,HBS1L,869.1329347146682,-1.0560797888336362,0.11330457402086129,9.057046546631105e-22,2.1161597910149775e-19
ENSG00000213186,TRIM59,334.0435297934366,-1.1796083360146496,0.12699945481430755,1.1518661828407356e-21,2.6539316815479113e-19
ENSG00000280441,ENSG00000280441.3,341.8829891471467,3.6790331751958654,0.3995373668235552,1.2011392471422606e-21,2.729547804225063e-19
ENSG00000123146,ADGRE5,216.98242457828084,1.6267086795502501,0.176048227485544,1.4617667847755752e-21,3.2769255665732454e-19
ENSG00000179750,APOBEC3B,197.56437851975548,1.5023617198677073,0.16399696351453621,3.389390487354568e-21,7.208538307016017e-19
ENSG00000162772,ATF3,439.3807217457321,1.3808055752912214,0.15087967657898715,3.7621671748377345e-21,7.900074843466225e-19
ENSG00000083535,PIBF1,425.3144154816713,1.375747342646783,0.15228540565855347,1.0995981374567163e-20,2.2801541877836833e-18
ENSG00000111674,ENO2,117.56765250204631,2.3564124122929133,0.26409941928987013,2.5147724128091257e-20,5.026211994709709e-18
ENSG00000129682,FGF13,133.60959031198817,3.686546441762166,0.42822106813853844,5.4046801997886335e-20,1.03055448085395e-17
ENSG00000167972,ABCA3,197.58090959755867,1.8588133398656077,0.2122150317021129,1.1238047210926893e-19,2.0486589580446838e-17
ENSG00000088451,TGDS,108.91597476812179,-2.0367651485569938,0.23364378486350218,1.6569450001798486e-19,2.955597914836937e-17
ENSG00000104267,CA2,83.6375487547231,-2.5444263159582023,0.29486522915804053,3.44325942993054e-19,5.869868788006182e-17
ENSG00000138777,PPA2,563.2390336765811,-1.1273255549477608,0.13092727555079234,5.339020795777837e-19,8.946365250622075e-17
ENSG00000261150,EPPK1,90.36537580640623,2.559629677858945,0.2992512208078328,8.204104416449366e-19,1.3086335400430628e-16
ENSG00000106211,HSPB1,63.197506755273515,2.880454246698138,0.3389284402072823,1.2586827217274232e-18,1.9885988257844022e-16
ENSG00000006327,TNFRSF12A,228.1005499266949,2.5254244142914684,0.29846297989792536,1.2903313180295043e-18,2.0193685127161744e-16
ENSG00000197153,H3C12,550.1128784874746,-1.147598646061781,0.1352683458712314,1.6114473710682602e-18,2.47521300357883e-16
ENSG00000172340,SUCLG2,230.19693324382592,-1.302207149521812,0.15411725138705532,2.0674888734101543e-18,3.117961174636459e-16
ENSG00000148468,FAM171A1,432.175810265834,-1.0553466787068455,0.12563433926112708,3.4731734679996825e-18,5.190673392851057e-16
ENSG00000177469,CAVIN1,338.75002920311726,1.096845374629633,0.13057373643743053,3.5106705750147054e-18,5.19986733651062e-16
ENSG00000144744,UBA3,287.6560588985049,-1.13119646142891,0.1353165214012537,4.738937004887023e-18,6.9570111481478615e-16
ENSG00000113739,STC2,538.9453712207762,-1.235049578945929,0.14926433654464566,8.49442094914883e-18,1.2043927275677773e-15
ENSG00000074211,PPP2R2C,177.393803106804,2.2758633756677233,0.2782724749071658,1.2004068522639789e-17,1.6875889213734868e-15
ENSG00000145244,CORIN,66.7935921315495,2.565636663552283,0.314681984742084,2.0033789745266695e-17,2.7695044840352433e-15
ENSG00000104368,PLAT,222.40055317413905,1.6680085602155261,0.20600115341814138,2.7411989828267758e-17,3.697052839521414e-15
ENSG00000149557,FEZ1,110.80959640208644,2.0273676473486213,0.24963855552229386,2.7793772134901284e-17,3.718313596337721e-15
ENSG00000138778,CENPE,926.5833722874672,-2.466057417248158,0.31066244052771863,9.602640893401185e-17,1.1977309006062576e-14
ENSG00000213468,FIRRE,544.1820604728857,-1.2391746157040608,0.1558023403582952,1.2022342098875378e-16,1.4883480080465946e-14
ENSG00000119547,ONECUT2,212.4701362060223,-1.2932520443273237,0.16295596079823213,1.4196992959948236e-16,1.731719972151333e-14
ENSG00000254986,DPP3,314.9026558651295,1.6912922035857338,0.21366589514171858,1.4161627167043392e-16,1.731719972151333e-14
ENSG00000134330,IAH1,40.04061153635171,-4.20990370370638,0.5325600571823773,2.092234143617106e-16,2.4969836121197246e-14
ENSG00000160712,IL6R,236.4567540709472,1.4402855881414025,0.18368044978225032,2.6971622644285313e-16,3.1959446289003505e-14
ENSG00000185561,TLCD2,89.92120009466831,10.947058052242978,2.9457314102510996,4.2137925679768438e-16,4.8882940496620886e-14
ENSG00000196428,TSC22D2,335.1902431148831,-1.078466921971864,0.14235245029302165,2.702028927279264e-15,2.948944597015507e-13
ENSG00000043355,ZIC2,234.97687549757654,-1.5932746320925582,0.21303751255460443,4.0598220734176635e-15,4.3450573145758466e-13
ENSG00000172986,GXYLT2,99.4908699609874,-1.7403070969061711,0.234567502119455,7.364590789986914e-15,7.635699788443308e-13
ENSG00000102554,KLF5,187.5791430607721,1.2902427427086605,0.17553340940797424,1.386773123675933e-14,1.394253293858185e-12
ENSG00000140718,FTO,440.6854121330023,-1.0323196247055277,0.140783493771465,1.7453966839339758e-14,1.7031991523400426e-12
ENSG00000152465,NMT2,410.90984497440996,-1.045363896571435,0.14352965620984398,2.4491506885494396e-14,2.3484948423321765e-12
ENSG00000128039,SRD5A3,270.07110054511713,-1.0955356859234993,0.1509325745507897,2.8815592324970924e-14,2.703282891336055e-12
ENSG00000138660,AP1AR,280.35278447176387,-1.0569968510300953,0.14572937844262018,3.044249661930362e-14,2.8371380697619538e-12
ENSG00000138674,SEC31A,670.7187865905715,-1.0858097122833479,0.14994109343196296,3.237472962433548e-14,3.0003597192072697e-12
ENSG00000135709,KIAA0513,168.59806113444264,1.5162920868197067,0.21242526376534088,5.406627011636252e-14,4.901122158253212e-12
ENSG00000262406,MMP12,40.71665342432324,5.741039304502483,0.775087559646154,1.1009352114672204e-13,9.663182128587152e-12
ENSG00000146476,ARMT1,352.8682297375275,-1.1101425004786276,0.1577108286490012,1.395511447948365e-13,1.1933061551554344e-11
ENSG00000086289,EPDR1,49.65097202517113,-9.97124932504798,2.92825881160457,1.4745732007245405e-13,1.2544458885548413e-11
ENSG00000179314,WSCD1,76.08970838761468,2.223369777917362,0.32183587293136545,2.409956575571324e-13,2.0293791691448067e-11
ENSG00000168769,TET2,178.86328464560629,-1.193593633968606,0.17210154140576892,2.83933820964193e-13,2.3550890779874986e-11
ENSG00000261115,TMEM178B,156.11080394223077,1.5809784734997425,0.22933437834054668,3.164442065315144e-13,2.598758882253115e-11
ENSG00000215417,MIR17HG,515.306181568075,-1.0901104253308969,0.15798606263041798,3.856456702142125e-13,3.1291852479312765e-11
ENSG00000071127,WDR1,1255.3538100557923,1.205881583492697,0.17597424313360466,5.00985462643e-13,3.95754659037368e-11
ENSG00000067840,PDZD4,110.27979948091246,1.8414218384420815,0.2745252729850929,9.533708698391043e-13,7.321976555444862e-11
ENSG00000187479,C11orf96,37.55090438180555,2.9532691134273334,0.43989761532586136,1.4033371620266155e-12,1.0439444027291267e-10
ENSG00000085831,TTC39A,134.4208517669244,1.431785919111774,0.21435939311551983,1.4838974608287239e-12,1.0892201317560931e-10
ENSG00000128510,CPA4,29.084378727758924,3.9590352359270997,0.5943859104982263,1.6021120110144586e-12,1.1703823122823398e-10
ENSG00000185477,GPRIN3,233.4470688084982,-1.1646520321113343,0.17830729734070577,4.633531247282214e-12,3.243276365449985e-10
ENSG00000163644,PPM1K,367.88927566968033,-1.1804764410032675,0.1816557281779593,5.370986215701234e-12,3.6817888567052797e-10
ENSG00000162458,FBLIM1,253.9728766539229,1.2674667769015144,0.195910123308328,6.359056192837968e-12,4.236561573614018e-10
ENSG00000174165,ZDHHC24,237.6759641924247,1.0446428533591106,0.16231450173184112,9.407406845180466e-12,6.144073706877904e-10
ENSG00000116132,PRRX1,43.98439342316099,2.924340139559654,0.4614652838006125,1.1184971335467286e-11,7.247948807971359e-10
ENSG00000240303,ACAD11,319.8619340696083,-1.0969907472663143,0.1733993264371891,1.7647749699381823e-11,1.1089337869812312e-9
ENSG00000138650,PCDH10,423.7278426541305,-1.1043304693127898,0.17542414238801698,2.1802742731266333e-11,1.3546280867751955e-9
ENSG00000152137,HSPB8,108.35088929169316,2.7390126022914423,0.44288083613575735,2.5847291851617118e-11,1.5763997225238102e-9
ENSG00000165300,SLITRK5,149.47460730950667,-1.583050668115323,0.25414165792403187,2.5759070396711618e-11,1.5763997225238102e-9
ENSG00000169855,ROBO1,575.7201069591606,-1.2229488253200689,0.19578986421807998,2.7201702580370488e-11,1.6409056149300582e-9
ENSG00000123388,HOXC11,106.44794830084862,1.584473791853772,0.25556083001446944,3.3917473250150855e-11,2.0312525767030776e-9
ENSG00000105974,CAV1,99.1696684065313,1.4935129392627848,0.2409279184032927,3.5978858102773186e-11,2.146954234053613e-9
ENSG00000050030,NEXMIF,45.37491746133685,2.2627187531879756,0.3661995098098573,4.2257939515973744e-11,2.4858757398244273e-9
ENSG00000180884,ZNF792,93.363576437291,1.5681558049830906,0.2575243243887607,6.908118640395493e-11,4.00695035403919e-9
ENSG00000272886,DCP1A,361.80525861701983,-1.1196487603456726,0.18372724376077454,7.543043214848512e-11,4.359984107704598e-9
ENSG00000104332,SFRP1,44.95466582515279,2.708052062202379,0.4487279551829703,9.354874835167024e-11,5.296519407528524e-9
ENSG00000115760,BIRC6,1016.8836814976019,-1.0920444722224885,0.18013056808938063,9.50077727373469e-11,5.360829734489278e-9
ENSG00000169860,P2RY1,180.3763191949778,-1.0237806007076111,0.16880472216082856,1.0435471647813575e-10,5.848447269107412e-9
ENSG00000128683,GAD1,54.16852119927439,1.9978418017562884,0.3333532434044685,1.1173966197727001e-10,6.241243274548594e-9
ENSG00000269693,ENSG00000269693.1,27.847950825602044,-8.959671477455467,2.8423980402442526,1.170619581546913e-10,6.516579945732127e-9
ENSG00000183098,GPC6,87.75983832184839,-1.5004415415677734,0.2504946676300076,1.2887772182091389e-10,7.0793130042620545e-9
ENSG00000269179,ENSG00000269179.1,26.44129954389071,-8.863680448966168,2.8258513340118623,1.7697496054419748e-10,9.5942405897637e-9
ENSG00000181790,ADGRB1,64.6226791847115,2.3278506905010317,0.3979071941228274,2.494867863870427e-10,1.3393968606390457e-8
ENSG00000055208,TAB2,456.8455507648764,-1.1038904335118376,0.18814120507014245,3.049436173129115e-10,1.605939577017108e-8
ENSG00000175556,LONRF3,122.1558097163402,1.4994300984865583,0.25726773578087325,3.462555729148213e-10,1.795010530963741e-8
ENSG00000066248,NGEF,84.61757415211002,2.1706686217698556,0.37610085441338176,3.508914036300491e-10,1.8133761666102443e-8
ENSG00000170412,GPRC5C,50.20970529489426,2.154264223991708,0.37482825326813124,4.425631958179146e-10,2.2383173339705444e-8
ENSG00000291917,GPRC5C,50.20970529489426,2.154264223991708,0.37482825326813124,4.425631958179146e-10,2.2383173339705444e-8
ENSG00000106290,TAF6,176.11861035723854,1.2268768144294904,0.2138879592324127,6.245314730459969e-10,3.0651930788047465e-8
ENSG00000170558,CDH2,185.25562379536558,1.0282675975698146,0.17832945427321412,6.448988686394182e-10,3.1415753878570246e-8
ENSG00000234475,HSPA1A,23.870138788938824,-8.667553834418827,2.8163324355112556,6.450234410760256e-10,3.1415753878570246e-8
ENSG00000111331,OAS3,72.18430378048902,1.8412773103410307,0.32278650823727306,6.8022469240261915e-10,3.299487550370482e-8
ENSG00000178573,MAF,46.464827455830324,-2.4347149299902946,0.4302809595949039,7.044162257107224e-10,3.39035205049449e-8
ENSG00000115828,QPCT,114.64656738681673,1.2789006880097848,0.2237782578464502,7.502919789688592e-10,3.586914593404728e-8
ENSG00000140682,TGFB1I1,36.64192623452131,3.0754581598178437,0.553120253328917,7.971343981359007e-10,3.799903026056453e-8
ENSG00000003436,TFPI,159.680867640992,1.112233723415121,0.1951415750799088,8.531799839608108e-10,4.033435233249918e-8
ENSG00000178498,DTX3,24.07191016409201,-8.68247073811912,2.8267489243497894,8.675604850711692e-10,4.08862525194478e-8
ENSG00000198919,DZIP3,304.73529373511406,-1.0296336818552578,0.18050277138274504,8.739032365198185e-10,4.1068500823306715e-8
ENSG00000077264,PAK3,56.05762383482251,2.074496898336647,0.36848848123124456,9.241154952503348e-10,4.3305513985050293e-8
ENSG00000170500,LONRF2,181.03301993916773,1.5266135767259592,0.273319460239239,1.2111707133758057e-9,5.535016794543041e-8
ENSG00000114120,SLC25A36,746.8042821661858,-1.0396895337934764,0.18495981981956178,1.3747869432802711e-9,6.197375163607723e-8
ENSG00000144724,PTPRG,277.6702382355587,-1.0268561026053433,0.18316013129297112,1.5476459219034408e-9,6.912600841387733e-8
ENSG00000149743,TRPT1,83.91641463778758,1.4935130626595823,0.26851178484553523,1.5464832731325736e-9,6.912600841387733e-8
ENSG00000178568,ERBB4,24.682897683809227,3.734859366821638,0.6733074751535765,1.72622500295688e-9,7.677304711542005e-8
ENSG00000176788,BASP1,50.728245815441134,2.057707578285355,0.37209821412822486,1.746659103506089e-9,7.726754098150002e-8
ENSG00000136052,SLC41A2,169.26000078963006,1.2289124335440607,0.22199612403993835,1.9790257736042153e-9,8.662284580031749e-8
ENSG00000138764,CCNG2,136.05490572120885,-1.2389128804032492,0.2246000625710792,2.2980314235240048e-9,1.0032116653905188e-7
ENSG00000175287,PHYHD1,63.40929895157624,-2.102181540828131,0.3874353609224006,2.567541713963917e-9,1.1091913930455057e-7
ENSG00000169288,MRPL1,214.94619304287872,-1.0111246811731347,0.18405068435346456,2.990029206669154e-9,1.2718357566521693e-7
ENSG00000166575,TMEM135,352.8156586291324,-2.3977070824610576,0.4457933448035032,3.062762217506769e-9,1.299441494276721e-7
ENSG00000141012,GALNS,182.1054394772381,1.164935313630294,0.21411254455472198,3.642711493011901e-9,1.5259833575145057e-7
ENSG00000174306,ZHX3,307.6282500149946,-1.0122706511975827,0.18702124657707847,4.5548682246633415e-9,1.8890177244735042e-7
ENSG00000132016,BRME1,65.12697319276494,1.6506484073842096,0.30972951608093696,5.3415136743619195e-9,2.1771589765108078e-7
ENSG00000033327,GAB2,82.39487993711836,1.5257743731792082,0.28637571980740023,6.00450795757472e-9,2.411834927559492e-7
ENSG00000079215,SLC1A3,254.07175353726012,-1.5101517555522648,0.28600963414034214,6.80357072598447e-9,2.6745126723544167e-7
ENSG00000169071,ROR2,52.460883598058615,3.2961023576635435,0.6323629240272236,6.944699456384968e-9,2.717113662310619e-7
ENSG00000213626,LBH,63.350085162612054,2.5325828568169775,0.48378550843809365,6.932086870832345e-9,2.717113662310619e-7
ENSG00000176595,KBTBD11,32.00118953798403,9.045125315074811,2.906443228508374,7.547916924906469e-9,2.925523221197977e-7
ENSG00000174738,NR1D2,280.0213845899205,-1.1039361679815662,0.2089861314885607,8.79541735064818e-9,3.35418800988282e-7
ENSG00000111647,BLTP3B,278.86778446933266,-1.0278560448842293,0.19492725275790168,9.926576210780209e-9,3.768237362943544e-7
ENSG00000131389,SLC6A6,206.31506032776926,-1.3664559245398706,0.2635075600311485,1.182526049285678e-8,4.4583919617272984e-7
ENSG00000155906,RMND1,201.09408778026716,-1.0769858885648878,0.20583071560174898,1.1857666898248004e-8,4.4604724756244027e-7
ENSG00000259495,ARNT2-DT,46.04068023481382,2.4186471579296978,0.4762365678009787,1.5247615490757024e-8,5.571424964232782e-7
ENSG00000076356,PLXNA2,62.902046033458085,3.317487469753098,0.6598868184980127,1.6035076597487716e-8,5.83346240516938e-7
ENSG00000180537,RNF182,73.05121262210776,1.4675828554678936,0.28732543361246626,1.9117222086803963e-8,6.820120369849267e-7
ENSG00000168993,CPLX1,103.42538353665523,1.3195920866693758,0.2587507325544288,2.0438409105438432e-8,7.260230592079617e-7
ENSG00000170837,GPR27,89.18619151069777,-1.3382380643663625,0.2635889454891339,2.3960670867708045e-8,8.401263414694162e-7
ENSG00000131944,FAAP24,122.0065194957084,1.1708992264467277,0.23037057038791298,2.5177610906946493e-8,8.719653180278401e-7
ENSG00000105655,ISYNA1,214.3364751853209,1.2986730050596904,0.2568092708813511,2.581058485741764e-8,8.920245670827109e-7
ENSG00000178718,RPP25,137.91755751454926,1.021166828472954,0.20025938397704238,2.633445654206357e-8,9.082376290567414e-7
ENSG00000109079,TNFAIP1,374.5851718994221,1.0988145135647283,0.21655173742541198,2.675082322122255e-8,9.18777238958304e-7
ENSG00000177946,CENPBD1P,185.22212975848186,1.036991105021149,0.2039723627486238,2.799633500004395e-8,9.536574975682322e-7
ENSG00000104177,MYEF2,239.95352807026367,1.1099786032513985,0.21940371734014877,2.886593336228891e-8,9.79257604390615e-7
ENSG00000244405,ETV5,67.02674050749232,5.226947452456328,1.0752471966073813,3.484133287127092e-8,1.1546380912330341e-6
ENSG00000105889,STEAP1B,14.44710131578269,-7.765156791624421,2.729225738692556,3.772273571391256e-8,1.2358504893244068e-6
ENSG00000244274,DBNDD2,130.85835374401407,1.1647788108111015,0.2328040616855107,3.9384920378781487e-8,1.281091066987463e-6
ENSG00000152377,SPOCK1,29.82032716799446,2.8396714391519695,0.5908940853237121,3.968617829305634e-8,1.2883640150753652e-6
ENSG00000011376,LARS2,414.95877881169156,-1.0471971795851094,0.21049961344718915,4.5404082148559216e-8,1.4682423367689063e-6
ENSG00000119514,GALNT12,132.70610743801478,1.0411814657827667,0.21049831965092156,5.581764949703832e-8,1.7806903605891704e-6
ENSG00000258947,TUBB3,173.7533267461928,1.6237503282623706,0.33553445603096743,5.854207819580995e-8,1.8568920366927176e-6
ENSG00000131398,KCNC3,75.85143621726948,-1.3261456508069003,0.2710310759875486,6.023661855759041e-8,1.899743850288721e-6
ENSG00000249306,LINC01411,31.723811230940907,2.141375107590432,0.44172362792005027,6.483161736325404e-8,2.025408098755219e-6
ENSG00000183837,PNMA3,19.95574401766139,-4.477922270463604,0.8859191709273601,7.003838385589999e-8,2.171713551000981e-6
ENSG00000175105,ZNF654,80.92224847121204,-1.6995885525454644,0.35234755637501053,7.245871595038808e-8,2.230088383860831e-6
ENSG00000265458,NARF-AS2,56.51992236705109,2.1917037586638126,0.4563345915624514,7.241236805480434e-8,2.230088383860831e-6
ENSG00000044524,EPHA3,106.96816276262894,-1.3807380390731425,0.28823796044232475,9.408001566387821e-8,2.847980620160722e-6
ENSG00000196814,MVB12B,128.84156658105059,1.0171880065560315,0.21083564937592245,1.0421905008933576e-7,3.137731074286735e-6
ENSG00000198729,PPP1R14C,124.1035753442983,1.041919735236668,0.21613514538228637,1.058460713884252e-7,3.169459347044378e-6
ENSG00000077150,NFKB2,220.0450757176826,1.0736619624722579,0.22424103717980395,1.1395170377809371e-7,3.386401202047176e-6
ENSG00000115457,IGFBP2,150.95240560349595,1.062320657035289,0.2212512137890916,1.1411165663658878e-7,3.386401202047176e-6
ENSG00000136999,CCN3,21.440976155210898,3.4992353217132623,0.7372640839136925,1.3267095061454963e-7,3.9161537362006475e-6
ENSG00000179021,C3orf38,140.38238267925433,-1.1085355771088077,0.23524341815172534,1.6518436405017786e-7,4.7906353413083925e-6
ENSG00000176542,USF3,234.11717957525673,-1.1640286767353893,0.24855889293653105,1.797231449456199e-7,5.185090872178936e-6
ENSG00000082497,SERTAD4,35.40304626050472,2.168117279130176,0.46919868798844866,1.8419639749271004e-7,5.276687258251928e-6
ENSG00000281230,SERTAD4,35.40304626050472,2.168117279130176,0.46919868798844866,1.8419639749271004e-7,5.276687258251928e-6
ENSG00000128567,PODXL,132.85756112918233,1.095261004585932,0.23561257377016287,2.158154501275509e-7,6.097838035381202e-6
ENSG00000162676,GFI1,61.66005446065659,1.829219676269696,0.39998026027094724,2.161389333175084e-7,6.097838035381202e-6
ENSG00000003987,MTMR7,27.311579715442228,2.5644098909263473,0.565200846984635,2.496613332708311e-7,6.915892013952394e-6
ENSG00000128833,MYO5C,104.318381499705,1.0806836919009803,0.2340503188567385,2.656633621788237e-7,7.308606161168336e-6
ENSG00000198466,ZNF587,160.59680253984564,-1.0156627660865247,0.22021238862305567,2.762669138065245e-7,7.575193112622207e-6
ENSG00000111199,TRPV4,40.856311108631914,2.077657431255352,0.4601242798081778,2.880016754445891e-7,7.845089973645794e-6
ENSG00000167699,GLOD4,623.4682156997371,1.3216552367515435,0.28954608318204444,2.887620455759257e-7,7.852907498457429e-6
ENSG00000152804,HHEX,12.995123915462335,-7.485673753218415,2.7523088110794687,3.310960268543797e-7,8.873266541982722e-6
ENSG00000273238,TMEM271,29.164534299015916,2.798217032887064,0.6288774296534587,3.6347809310379435e-7,9.601493768310261e-6
ENSG00000184368,MAP7D2,156.4162950297757,1.1187259584219618,0.24700962108396365,3.731165870526917e-7,9.793720035786555e-6
ENSG00000136826,KLF4,60.76601384117836,1.3611653383749278,0.30106887856043196,3.774656566749787e-7,9.892223978801299e-6
ENSG00000284869,EEFSEC,104.98711338465257,-1.1749657133620501,0.2598583515239732,3.8787449655919225e-7,1.0117059785252264e-5
ENSG00000130294,KIF1A,1420.1542668689167,5.027317527650594,1.150774743369736,4.029989522870076e-7,1.0454098718021616e-5
ENSG00000170266,GLB1,233.50969689697075,-1.0434233097782468,0.23158901847001773,4.58474839348929e-7,1.1719012496085337e-5
ENSG00000109320,NFKB1,248.28932614671473,-1.0742985511201795,0.23908125175370681,4.593028134369211e-7,1.1722114418623207e-5
ENSG00000198369,SPRED2,186.45201587127428,1.2773966361375142,0.28939006905698794,5.882531804031017e-7,1.4630482773173996e-5
ENSG00000114861,FOXP1,231.87289989128814,-1.1537768826631338,0.2612903116817379,6.150159275154202e-7,1.522761077843777e-5
ENSG00000134198,TSPAN2,48.82015130382743,1.4466446524657839,0.3296845555417887,6.540978069163854e-7,1.612307357939958e-5
ENSG00000114480,GBE1,87.72300925561014,-1.1130329105100618,0.2524854506768927,7.136963248652573e-7,1.7540012345466302e-5
ENSG00000276075,ENSG00000276075.3,16.23683531665151,3.4768547827739544,0.7957033612205636,7.16687783051069e-7,1.7587475788512107e-5
ENSG00000188315,C3orf62,67.36396312518794,-1.7954723739087521,0.41965537028753025,8.361785814886758e-7,2.016186989580762e-5
ENSG00000204371,EHMT2,204.20991713617406,-1.1978572643462728,0.2757222711172486,8.516857014380977e-7,2.0417072400515323e-5
ENSG00000179111,HES7,17.360273025525036,2.949719116084164,0.6714465717599744,8.648001748771124e-7,2.070154415733971e-5
ENSG00000147257,GPC3,102.74250357867433,1.3965381551801264,0.32529181236889326,9.220637814271884e-7,2.1945647159391147e-5
ENSG00000174672,BRSK2,132.266038892241,1.2170261366887811,0.2818758950033523,9.355672977663698e-7,2.2171608432351872e-5
ENSG00000291428,BRSK2,132.266038892241,1.2170261366887811,0.2818758950033523,9.355672977663698e-7,2.2171608432351872e-5
ENSG00000177519,RPRM,15.918497166400488,3.8297411260871486,0.8631956775821557,9.724576803780185e-7,2.3012982110971395e-5
ENSG00000170265,ZNF282,652.6927300750137,1.5377941030747209,0.3602635763411339,9.943187121844226e-7,2.3496799311150125e-5
ENSG00000105971,CAV2,133.27366835922732,1.0925459690862656,0.2538057821699792,1.1146951086458007e-6,2.6155130349823464e-5
ENSG00000163605,PPP4R2,539.0917687071851,-1.1779988101268881,0.27587305756663905,1.1657703049332162e-6,2.727639434208339e-5
ENSG00000107829,FBXW4,147.194304433092,1.1553351326286383,0.27089542568840275,1.1760512221282272e-6,2.7439541102510776e-5
ENSG00000135378,PRRG4,69.03247104396702,1.1673237574893296,0.27225065460508324,1.18596890863501e-6,2.7632076159194076e-5
ENSG00000171435,KSR2,65.0313464137739,1.342514538653576,0.31593443236859997,1.2521065895191547e-6,2.901005057756041e-5
ENSG00000152443,ZNF776,115.22769424801689,-1.0555994324758615,0.24695932953865354,1.309361226401248e-6,3.0084478372258037e-5
ENSG00000105699,LSR,186.64445509658637,1.057025480953334,0.2480877540515076,1.3128891762543785e-6,3.0123815414777156e-5
ENSG00000100097,LGALS1,72.73660296077882,1.2651713157502504,0.300925025202624,1.5771404655385997e-6,3.545146772739814e-5
ENSG00000142279,WTIP,87.23837925907574,2.179101751654853,0.5306130552065561,1.575663030642428e-6,3.545146772739814e-5
ENSG00000121741,ZMYM2,537.4526387222224,-1.0185281267464728,0.24101071590446052,1.6294455189178643e-6,3.642974624437797e-5
ENSG00000277075,H2AC8,55.43495628805502,1.422410804552331,0.34184695720569436,1.7309744525479364e-6,3.8595611818975425e-5
ENSG00000174227,PIGG,329.13100550656003,1.0283589723867712,0.24439289897679778,1.7551105474059534e-6,3.908124680660048e-5
ENSG00000138772,ANXA3,37.364864376927116,2.3897119453975764,0.5851172794125428,1.8562258484676567e-6,4.10025707060319e-5
ENSG00000179743,SPEN-AS1,62.74633561414333,1.2286302351575573,0.29477339171650757,1.9058158883674804e-6,4.1986161715973614e-5
ENSG00000132357,CARD6,26.17188808654442,2.2921473017575194,0.559515939780392,1.9457035939229755e-6,4.271068093349612e-5
ENSG00000151773,CCDC122,89.51239543113228,1.0240369245215812,0.2459908150186642,2.264813406078437e-6,4.885694355453211e-5
ENSG00000178919,FOXE1,23.353407921411417,2.2267520567560903,0.5421626582603776,2.2623184416604682e-6,4.885694355453211e-5
ENSG00000151690,MFSD6,52.578725860328525,1.8653955598590457,0.4647933878585114,2.5860027110165668e-6,5.5211324289644566e-5
ENSG00000065485,PDIA5,123.9262767300943,-1.049472284506206,0.25487690728955636,2.598299815996419e-6,5.5402565099697426e-5
ENSG00000132164,SLC6A11,88.30248426407678,-1.0059370826784113,0.2436256535646771,2.6444625488427e-6,5.631449194191469e-5
ENSG00000240184,PCDHGC3,70.57771254489263,1.673654796203327,0.4181569618664027,2.794126607812783e-6,5.912215088903859e-5
ENSG00000189221,MAOA,56.36490105807382,-1.7712693713774574,0.44552725097306584,3.0220457170233258e-6,6.362019847677659e-5
ENSG00000258986,TMEM179,25.974297989776833,2.106666514828322,0.528035696794005,3.160177730648233e-6,6.62758386519893e-5
ENSG00000245648,KLRK1-AS1,42.42116881978015,1.6029669538283169,0.40187893138619035,3.2399206058201136e-6,6.76914898362089e-5
ENSG00000078549,ADCYAP1R1,39.514209727080114,-1.8614099604998395,0.4691252624650523,3.2743320187814925e-6,6.832439479190715e-5
ENSG00000121966,CXCR4,24.252158567686553,2.1696103851661506,0.542297330943653,3.413060243100548e-6,7.095144908871553e-5
ENSG00000103381,CPPED1,65.5081714687428,1.2240044177411857,0.30703504423627004,3.989547116538146e-6,8.190915484684568e-5
ENSG00000129514,FOXA1,46.38230417980383,1.531843567239773,0.3874667075916492,4.001669557443577e-6,8.205648490535414e-5
ENSG00000197134,ZNF257,43.6670907171953,2.95074126378419,0.7860358840660631,4.300908291020456e-6,8.765082019623876e-5
ENSG00000132205,EMILIN2,77.28878136938125,-1.1214449465459382,0.28248834239974985,4.673482741624156e-6,9.420219343961497e-5
ENSG00000164949,GEM,41.09356838670957,1.5671829021979853,0.40141905772809927,4.829827156337934e-6,9.688271184581618e-5
ENSG00000129354,AP1M2,24.31508950874922,2.293397963065824,0.6010569195892509,4.87836296787894e-6,9.762022107858109e-5
ENSG00000114107,CEP70,209.93137028264027,-1.1263523352435274,0.28971709491416414,6.0126934018401035e-6,1.1707109253887967e-4
ENSG00000255330,ENSG00000255330.9,29.62999638179099,-3.9674884415099885,1.0591409788830681,6.010842497257733e-6,1.1707109253887967e-4
ENSG00000058056,USP13,334.2043249743343,-1.0694136820034796,0.275602584835935,6.472969839098894e-6,1.2519336907869662e-4
ENSG00000163884,KLF15,81.14452192735462,-1.3869622576737546,0.3618763696757885,6.475128740100169e-6,1.2519336907869662e-4
ENSG00000114742,WDR48,437.2555760552658,-1.0305596563180262,0.2671800981638389,7.384028084185046e-6,1.4161114669196037e-4
ENSG00000185359,HGS,725.456391181103,1.2040009022903335,0.31514440624399725,7.705430978154316e-6,1.469257408006919e-4
ENSG00000163755,HPS3,152.10674589138378,-1.1074258136405162,0.2903899181651436,8.43884524068311e-6,1.581830550256408e-4
ENSG00000140284,SLC27A2,59.60535496377806,1.6425853529856587,0.43876710036432504,8.99014523094639e-6,1.6700730037644978e-4
ENSG00000047597,XK,47.21754995026843,1.3852800949232804,0.36746061008112046,9.384295220212753e-6,1.7297341489789928e-4
ENSG00000164684,ZNF704,352.47517427523246,-1.1234601453159092,0.30032145907805113,1.0701984258429328e-5,1.9487949161699683e-4
ENSG00000171700,RGS19,134.6555337148769,1.2321598740804958,0.330811203723929,1.089447861257198e-5,1.9816722116661905e-4
ENSG00000127920,GNG11,36.99128753123524,1.5227138917102976,0.41005890099569636,1.0972027699066171e-5,1.9935921960548598e-4
ENSG00000139410,SDSL,67.57170913556769,1.0764781640617413,0.2897732844984626,1.3363206142720075e-5,2.3709329058992868e-4
ENSG00000113070,HBEGF,55.28663042042608,1.483742535496306,0.40902632260104377,1.4729098263142122e-5,2.588358168297295e-4
ENSG00000183309,ZNF623,103.9948760182626,-1.923426860058638,0.5399017457684743,1.4912450990171285e-5,2.615038577969889e-4
ENSG00000173404,INSM1,21.1911163901061,2.2799469376704713,0.6275460798008505,1.4945284714490741e-5,2.618028808117074e-4
ENSG00000136048,DRAM1,83.56690893608062,1.0027013296523364,0.2715558227406481,1.5194063775613184e-5,2.658800885797965e-4
ENSG00000144736,SHQ1,281.5154654477956,-1.937744861711655,0.5461018544317162,1.5232997566664545e-5,2.6600020698252434e-4
ENSG00000163602,RYBP,92.8889358068049,-1.1147683042863694,0.30514435073716506,1.6176865592618753e-5,2.806770908470496e-4
ENSG00000204710,SPDYC,66.92716599562726,1.1424121282332498,0.31311582660382864,1.6196330348888146e-5,2.806770908470496e-4
ENSG00000154065,ANKRD29,98.27460415883505,1.040408857410142,0.28474394598405206,1.6583576587255924e-5,2.8512507872440867e-4
ENSG00000071282,LMCD1,55.9925635149843,1.1524906379911217,0.31723329566044445,1.783044198525524e-5,3.03062707062909e-4
ENSG00000114115,RBP1,19.340184204324316,-2.2485629880659364,0.6383982091145461,1.84760300550406e-5,3.111663579523538e-4
ENSG00000133874,RNF122,76.65015806352471,1.0041215805584114,0.27529860950000634,1.8499708375207237e-5,3.112491503410881e-4
ENSG00000204934,ATP6V0E2-AS1,92.96735710835783,1.1631513124403359,0.32327331462069864,1.8602667728089464e-5,3.123478288879313e-4
ENSG00000105928,GSDME,63.7427309208312,1.1066470074966062,0.3064360123898151,1.8939564844073633e-5,3.16722218949937e-4
ENSG00000156463,SH3RF2,32.28316981115557,1.5227818602971805,0.4294693341187026,1.9354374966259392e-5,3.23007772952995e-4
ENSG00000187486,KCNJ11,64.54358364900378,1.155567145026098,0.3240007366623625,2.1703089429678248e-5,3.582413438297835e-4
ENSG00000079841,RIMS1,23.776692276443487,1.9327717230274106,0.5559951846265779,2.287161312022081e-5,3.756605842092506e-4
ENSG00000270149,ENSG00000270149.5,66.10556432047213,1.1110036840505693,0.31247745688924367,2.31459877172526e-5,3.7941580063389666e-4
ENSG00000266208,GJD3-AS1,52.49996568226226,1.1680899933241626,0.32900102342131055,2.3713029334333355e-5,3.871248271972421e-4
ENSG00000134470,IL15RA,20.474397970105603,2.1677282496162937,0.6176486109927154,2.47062556645885e-5,4.006374146821687e-4
ENSG00000135549,PKIB,101.65194358643005,1.2785320658228756,0.3662197106714124,2.495027262096766e-5,4.0419928955979736e-4
ENSG00000198576,ARC,24.200626216796763,2.142170584139154,0.6249706514512887,2.529156170006653e-5,4.0892954877427265e-4
ENSG00000187098,MITF,57.984449789857074,-1.2891228291321382,0.3691179489048312,2.5332423698287675e-5,4.091914086960995e-4
ENSG00000146373,RNF217,224.77481754100003,-1.3516944269303535,0.3916421487710044,2.6330860148597493e-5,4.228486340804297e-4
ENSG00000132481,TRIM47,79.88315587331772,1.0668608441096588,0.3022667557585046,2.6860352676197904e-5,4.3093461368031626e-4
ENSG00000109738,GLRB,29.549012853617025,1.9169962415290422,0.5626830269709426,2.7736358196626718e-5,4.4370149095838057e-4
ENSG00000136828,RALGPS1,68.32062552058133,1.116350494840621,0.31916237448161805,2.8032977127948485e-5,4.4801450633481446e-4
ENSG00000042286,AIFM2,27.398448076781403,1.9052537966055105,0.5616196582088726,3.0472419575742475e-5,4.8051993188402275e-4
ENSG00000151322,NPAS3,12.854185670062407,-3.0930505849970618,0.9551998118913874,3.1910861319575156e-5,4.989342869278344e-4
ENSG00000165943,MOAP1,30.292539392220387,6.313845195628393,1.9916540499165196,3.4322711597727996e-5,5.341270756986019e-4
ENSG00000119638,NEK9,877.5725317428559,-1.0088533227769594,0.2936627306103258,3.74674429164597e-5,5.776462923244889e-4
ENSG00000231784,DBIL5P,27.662468224914843,3.2003845565259406,0.9988481467445389,3.8980901154469076e-5,5.98753860418044e-4
ENSG00000138131,LOXL4,38.75766622982703,1.296719195341086,0.38274222069195657,3.985437380474315e-5,6.093494995823817e-4
ENSG00000101938,CHRDL1,28.741256610031847,1.5248315792567926,0.45570693334301754,4.0375627044244536e-5,6.140153412492403e-4
ENSG00000168079,SCARA5,14.003733049777008,3.195658954750595,0.9233046989021514,4.037117911781558e-5,6.140153412492403e-4
ENSG00000198597,ZNF536,108.36631160148247,1.010560075643838,0.2951856981741174,4.111554990334621e-5,6.22891193923845e-4
ENSG00000184515,BEX5,17.302562366645653,-2.024271620940531,0.6120980063434193,4.6629729156239446e-5,6.975709042575551e-4
ENSG00000291824,BEX5,17.302562366645653,-2.024271620940531,0.6120980063434193,4.6629729156239446e-5,6.975709042575551e-4
ENSG00000182568,SATB1,13.727589484909732,-2.491499357228753,0.7748745175845106,4.9325300668701375e-5,7.325491609606868e-4
ENSG00000105618,PRPF31,130.58394293215986,-1.0471490169966462,0.3109507373463897,4.959506550341257e-5,7.358967277603857e-4
ENSG00000142627,EPHA2,136.86904037214978,1.0172004620796649,0.3035222077217185,5.071168752651356e-5,7.471191690740083e-4
ENSG00000151612,ZNF827,144.17218696735387,-1.263950744686627,0.3867647253957292,5.232712918365779e-5,7.675108276106977e-4
ENSG00000178401,DNAJC22,125.91748273302653,1.2382073498993984,0.3804357271901984,5.630578608629389e-5,8.164831165957424e-4
ENSG00000158856,DMTN,43.68984609478088,1.4780514668333504,0.4578956273483458,5.9367838437382574e-5,8.512126809314948e-4
ENSG00000281151,KCNQ2,37.18993204657681,-2.6649355807405364,0.8523234706993201,6.192895757909147e-5,8.827030590679407e-4
ENSG00000168743,NPNT,24.61930244544933,1.7600637470922516,0.5551639812424014,6.453948798368292e-5,9.150816804797572e-4
ENSG00000153896,ZNF599,55.18988943967153,1.2009348919903722,0.36852677476775364,6.475120169648118e-5,9.172994747591172e-4
ENSG00000072133,RPS6KA6,292.3234547733095,-1.7663302931072042,0.564483816850269,6.67129583110253e-5,9.410724067923149e-4
ENSG00000076864,RAP1GAP,102.37343625199205,1.021851577781576,0.31373766883910265,7.021994761615675e-5,9.860655710296172e-4
ENSG00000154027,AK5,19.69364802953882,1.8111011608551673,0.572391501344956,7.18896034286367e-5,0.0010046980886922107
ENSG00000275700,AATF,201.1649058301138,-1.2552493575745278,0.3964492251995546,7.723829005336914e-5,0.0010698085223352508
ENSG00000196878,LAMB3,24.658665113999238,2.0124446959117686,0.6662850638154426,8.048431432856265e-5,0.0011089321348808354
ENSG00000041353,RAB27B,20.889333226389276,2.0481586992493708,0.6629076156780345,8.105497756734435e-5,0.0011158680687673656
ENSG00000171604,CXXC5,59.26099424809573,-1.5716548024318762,0.5155026338591396,8.254837513389848e-5,0.001131923616838638
ENSG00000112139,MDGA1,29.94794300628226,1.6942573444030558,0.5496820302533186,8.368919018142535e-5,0.0011454785279865225
ENSG00000177406,NINJ2-AS1,22.022438442540277,1.706468378877535,0.5488008385061117,9.094671651374316e-5,0.0012280115240482468
ENSG00000184254,ALDH1A3,27.471895484241955,1.8260284240240003,0.5998950306638665,9.74693502244827e-5,0.0013029162376099464
ENSG00000151892,GFRA1,26.75609337113039,1.899171889806641,0.6593991753560248,1.0852960073091459e-4,0.0014352769249354638
ENSG00000272410,ENSG00000272410.5,102.0252258085286,-1.1045107575506448,0.3558462648846901,1.0893922045782084e-4,0.0014388477135149603
ENSG00000200463,SNORD118,48.84146056028989,1.4738671927405043,0.4865168010399478,1.1106452451363568e-4,0.0014611018216944506
ENSG00000128965,CHAC1,51.308803432100774,-1.0612858098673899,0.3413507402697403,1.1387830380976886e-4,0.00149456264390843
ENSG00000165474,GJB2,18.460413655507104,1.9780097358614932,0.6587813764530247,1.2243383939523293e-4,0.0015892448839808443
ENSG00000157445,CACNA2D3,29.200625679276964,2.087843773052826,0.7199248978610675,1.24440333967974e-4,0.0016077419783447982
ENSG00000274646,RPS9,45.878529880856036,-1.1288607535713333,0.37070291252276955,1.326045861783747e-4,0.0017012973550758375
ENSG00000105982,RNF32,25.901379828829075,1.6206132755969456,0.5534635975859619,1.3911696293867013e-4,0.0017697939403294469
ENSG00000280568,ZNF780A,98.40014897850686,-1.361090058896297,0.4639723809696591,1.401911573121827e-4,0.0017807282608359868
ENSG00000280893,ENSG00000280893.1,82.23529245002437,-1.2262465211304796,0.4101219781655678,1.4067325408578544e-4,0.0017854847834958645
ENSG00000124813,RUNX2,14.76488923132383,-2.7553774760555307,1.003722126757562,1.415987871888289e-4,0.00179585801274884
ENSG00000197782,ZNF780A,97.60526224140311,-1.350557415058185,0.4620163552243899,1.4598296792879694e-4,0.0018403697392697755
ENSG00000147082,CCNB3,20.914245242295774,-2.6958830782633125,0.9786923280847659,1.5348937376190154e-4,0.0019179478304428396
ENSG00000164136,IL15,13.737808038504712,3.9143407203522402,1.5546433034308007,1.756540846386284e-4,0.002152086861203993
ENSG00000041982,TNC,81.304158259003,2.0508358333670236,0.791929238201813,1.767707314316919e-4,0.0021625734983188325
ENSG00000116016,EPAS1,105.33742891739465,1.497766502658134,0.5284415623240079,1.7855116832821591e-4,0.002174878616689342
ENSG00000159231,CBR3,36.76827773368659,1.2271854200657217,0.41892822231076254,1.7910330587988886e-4,0.0021782586079482965
ENSG00000135596,MICAL1,70.92309806982986,1.2055624403578693,0.4148900158819961,1.795697924962398e-4,0.0021823320789158404
ENSG00000106689,LHX2,46.52543927496984,1.7432361455628693,0.6458117089407994,1.916081311588845e-4,0.0023100198312461734
ENSG00000206432,TMEM200C,27.93063142941696,1.3498680734057826,0.46810346095267524,1.935569818218938e-4,0.0023233840603787237
ENSG00000134709,HOOK1,452.50562220461234,1.1296131092943553,0.38974741683282477,1.969601303327002e-4,0.002360817631567315
ENSG00000258677,ENSG00000258677.2,12.134906289030788,-3.425925428088356,1.1787331934997742,1.9783112449338564e-4,0.0023692700331954335
ENSG00000188095,MESP2,34.1418652935729,1.1975902319967113,0.4131343385093433,2.0020868900074053e-4,0.002392768090236763
ENSG00000105711,SCN1B,42.73441527042951,1.2570320399056902,0.4382588247251285,2.0107007633588385e-4,0.002397952190033053
ENSG00000242419,PCDHGC4,33.92692097827976,1.3352366224184413,0.46790488814235515,2.1080926150717692e-4,0.002485511612752351
ENSG00000151967,SCHIP1,134.6279029192085,4.941257072787245,2.0330959898777863,2.1385858807300385e-4,0.0025160993741440148
ENSG00000231999,LRRC8C-DT,44.459775673653354,1.5787603613123722,0.5727256223142816,2.1528098881097615e-4,0.0025221019232946913
ENSG00000233384,CNIH3-AS2,20.318183033552856,1.547697407780109,0.563435467329568,2.5112414266555616e-4,0.0028829746731341946
ENSG00000130762,ARHGEF16,53.34960399903317,1.1055862556640528,0.3925240141964717,2.538099305631248e-4,0.0029056092969289024
ENSG00000099365,STX1B,15.067440897709771,2.13961312574376,0.7976055385483395,2.5850048440165875e-4,0.0029513176433166666
ENSG00000152402,GUCY1A2,62.4506550375456,1.2562885667807437,0.45297417301932374,2.5941459321627403e-4,0.002959717116138081
ENSG00000266714,MYO15B,28.569826187044043,1.5341341194080875,0.571042285878416,2.677402705854619e-4,0.0030442380731612252
ENSG00000150551,LYPD1,15.498897094496064,2.3868480513709893,0.89902803216171,2.6818671384618074e-4,0.0030472256136947207
ENSG00000065609,SNAP91,30.443928235489203,1.988557611981569,0.7694443667916452,2.787450562431137e-4,0.0031456474408279
ENSG00000274538,PHLDA2,37.75707894492483,1.1157430673923614,0.4034057940664158,3.1313765188810205e-4,0.0034654039407416445
ENSG00000220008,LINGO3,19.1122336721395,1.5934555848886371,0.5962004372832048,3.289532065954617e-4,0.003613910426630539
ENSG00000150627,WDR17,113.48930340307918,-1.0407315637175325,0.37968146829091576,3.3134224091288755e-4,0.0036353415572115684
ENSG00000120549,KIAA1217,13.68532547416418,2.5038243532944566,0.9860805978106217,3.326571509469755e-4,0.0036449468144381615
ENSG00000255624,C10orf88B,41.24283193021421,1.0238206102795484,0.369625882214941,3.340155344769691e-4,0.0036550024415820848
ENSG00000159733,ZFYVE28,52.58750059784855,1.233822895726802,0.4606363463316126,3.371885357812832e-4,0.0036824362212479964
ENSG00000244694,PTCHD4,21.547298008008752,1.6378412677536656,0.6321204563346938,3.50371822325638e-4,0.0038113561708590224
ENSG00000102981,PARD6A,23.045275083992824,1.5956596019323879,0.6077599912265085,3.534412957458607e-4,0.003837197418277541
ENSG00000133985,TTC9,47.60199239571937,1.0666326386842822,0.39015627564466043,3.551655237233135e-4,0.0038533949464002923
ENSG00000055118,KCNH2,34.186216287453554,2.4226094253115265,0.9914233544253283,3.6728236546536904e-4,0.003966697370250656
ENSG00000166387,PPFIBP2,24.98189584570383,-1.3368005565970178,0.5110644835723782,3.6919091403781796e-4,0.003977916629900388
ENSG00000139329,LUM,9.344613469374927,-3.5747410911773794,1.284747015365333,3.78095791018299e-4,0.004051828861241965
ENSG00000250133,HOXC-AS2,37.292539813542426,1.3422581345467894,0.5190553936919109,3.815423496904014e-4,0.0040782255406018484
ENSG00000171608,PIK3CD,66.16469749562344,1.0898190852111653,0.40784649319995797,3.83048075101193e-4,0.004089050526289376
ENSG00000159640,ACE,42.47072074420332,1.4246502006106474,0.5580140038434378,3.9274792021792534e-4,0.004173795803007792
ENSG00000119888,EPCAM,15.303642177114543,1.8469811132650118,0.7079892718141348,3.958242944507108e-4,0.004201106347180321
ENSG00000204460,LINC01854,19.801435856622874,1.8184181724293498,0.709211021067719,3.9621936212494256e-4,0.004202610612717821
ENSG00000272341,ENSG00000272341.1,39.34585452258697,1.0605569695248,0.3953255300562857,4.044757631593029e-4,0.0042792400733735175
ENSG00000277232,GTSE1-DT,26.17267461560162,2.298463946488398,0.9480681369439019,4.203615663031102e-4,0.00440795071011523
ENSG00000157227,MMP14,26.414113374213045,1.3004563273605951,0.5016761647763462,4.2474209761764805e-4,0.004442652369091528
ENSG00000136732,GYPC,22.738537870422448,1.3746200587233495,0.531109137908047,4.357444468204183e-4,0.004532015440942896
ENSG00000283183,ENSG00000283183.4,21.967322033854554,1.7501494233218842,0.7065430421228668,4.4158099847534923e-4,0.004569798617409587
ENSG00000003147,ICA1,55.66330812754117,1.0856333368038242,0.4152903044751028,4.6468495693001845e-4,0.004773163313010573
ENSG00000272583,ENSG00000272583.2,16.719591265317874,1.8268497389118397,0.7205984216437006,4.6577743696705044e-4,0.004778467471766481
ENSG00000176170,SPHK1,64.23301649752227,1.0189799502468706,0.3882879161199728,4.77479253839278e-4,0.004877403535677206
ENSG00000285410,GABPB1-IT1,43.54978963901043,1.0683947936697558,0.40807715130345723,4.93574297017659e-4,0.005017098047319819
ENSG00000159917,ZNF235,25.820265710895463,-1.3435430147946763,0.5316367632486763,5.059286870279058e-4,0.0051207144533898285
ENSG00000185904,LINC00839,41.071581942199884,1.0362837629742951,0.3950354929821716,5.07011160760313e-4,0.005125911414266983
ENSG00000273802,H2BC8,26.93728661115638,1.271387298239511,0.5008001305952847,5.157853209379023e-4,0.005201436285130007
ENSG00000105642,KCNN1,37.67792096853401,-1.1154191548658408,0.43329655720450755,5.199363314303787e-4,0.005236930055918975
ENSG00000261754,ENSG00000261754.2,10.03152023950304,3.161938596768669,1.2268975169091534,5.198006393393371e-4,0.005236930055918975
ENSG00000057704,TMCC3,83.38858703312819,1.4049258221270386,0.5721834354740626,5.233345185763651e-4,0.0052647642987649
ENSG00000138311,ZNF365,41.069083435969624,1.0174165198832832,0.3916805513252676,5.236552956668989e-4,0.005264798605950416
ENSG00000267493,CIRBP-AS1,41.37838432943336,1.0215547213530551,0.3940719416013493,5.408921616969264e-4,0.005411857702286075
ENSG00000167244,IGF2,10.583173076624607,2.4652288079587352,0.9803189966166337,5.510292409548693e-4,0.005496707202766282
ENSG00000154040,CABYR,47.974449663836744,1.1051068562267494,0.43236394368267955,5.551723164320247e-4,0.0055280633597184015
ENSG00000253746,ENSG00000253746.1,9.665570478152002,2.3185114072518322,0.9263632646100265,5.586702554476317e-4,0.005552894468316814
ENSG00000169594,BNC1,11.865512862024058,2.1319753187376715,0.8633306050330487,5.651136167078334e-4,0.0056118367726805465
ENSG00000143443,C1orf56,75.41391666833248,1.0621249880229024,0.4209050918975258,5.679092280342544e-4,0.005631229039964283
ENSG00000203685,STUM,59.16936829963219,2.6012219183181315,1.2098721201560219,5.937145379665698e-4,0.005855606700551383
ENSG00000103647,CORO2B,9.95180870712089,2.135982640208285,0.8864718931158398,6.472329757756278e-4,0.00628626922432195
ENSG00000104953,TLE6,11.233948073264644,2.497435419642126,1.1205872202951066,6.504713555435611e-4,0.006310332933983705
ENSG00000172031,EPHX4,49.90334524849956,1.0140229654939572,0.40072087898385506,6.520298554006213e-4,0.006321755272496146
ENSG00000184838,PRR16,21.064358692879146,1.3943408384633302,0.5705788263577819,6.531113762619813e-4,0.006327699064856729
ENSG00000181007,ZFP82,42.191255498547235,-1.04168701493007,0.41652095573982095,6.568402019673094e-4,0.006353540589175333
ENSG00000133019,CHRM3,49.84157264771317,1.1907013151949408,0.4925991662974029,6.794124108170626e-4,0.006529995644869207
ENSG00000185022,MAFF,26.214981335487554,1.188265462611153,0.4848351292556595,6.803452581147754e-4,0.006531393221565977
ENSG00000174498,IGDCC3,42.45739392715809,-1.3726235490224494,0.5863895354208728,7.089914668062495e-4,0.006763346430620399
ENSG00000214787,MS4A4E,28.21182892013281,1.1894544842983392,0.49043589347376615,7.10808176072186e-4,0.006772281055083271
ENSG00000099958,DERL3,34.01273768729267,1.121028384819044,0.46318502255406574,7.622174202124638e-4,0.007181827954674092
ENSG00000123095,BHLHE41,37.944869467069616,1.0567080988304764,0.4315098655666993,7.62817581296989e-4,0.007181827954674092
ENSG00000133083,DCLK1,43.788884529132055,1.02617906554653,0.4197319249578988,7.834432370146765e-4,0.0073509840830523025
ENSG00000291748,COL3A1,13.604362701509267,-1.7642757698315406,0.7788587211083129,8.904111404855408e-4,0.008165301497796923
ENSG00000132938,MTUS2,29.765882475771814,1.7139091851333208,0.809051726380561,9.160468224716413e-4,0.008363401616941143
ENSG00000186056,MATN1-AS1,30.49060244690864,1.3138133548141924,0.5846368766758044,9.22155616948567e-4,0.008400680686194277
ENSG00000164900,GBX1,17.750587662678996,1.476842741503007,0.6602384068661792,9.720010078591784e-4,0.008768093920269664
ENSG00000125510,OPRL1,18.622866446718525,1.7482174589713633,0.8116677351216693,9.803552308662138e-4,0.008824260946738806
ENSG00000137941,TTLL7,208.39891180510477,1.2835786087808245,0.5851125002350358,0.001046715630709156,0.009315432187679287
ENSG00000258884,LINC02321,10.174138100806195,1.8483654026589766,0.8545398960710392,0.001047311934637631,0.009315741385363892
ENSG00000177272,KCNA3,18.78705670418597,1.8875212644105483,0.9268116738719379,0.0010798218542566267,0.009548595277325789
ENSG00000163083,INHBB,18.667066161777477,1.3958885195683868,0.6350031505656658,0.0011146726583961383,0.009790544368355164
ENSG00000173406,DAB1,9.352555464867093,1.9025062636224326,0.8958375544839209,0.0011148555254580086,0.009790544368355164
ENSG00000137825,ITPKA,32.671254004221254,1.1852875804709957,0.5329830192807778,0.001176231341546199,0.010264335468127245
ENSG00000129946,SHC2,22.46887036931313,1.5442977406122733,0.7428017541183721,0.0012332997734733984,0.010694830079534869
ENSG00000005471,ABCB4,13.11140395345851,2.6950683863915255,1.3950884839423912,0.0012606338678943754,0.010886337966944193
ENSG00000273564,ENTREP2,37.19746206226359,1.0723985963632892,0.4872239066260588,0.0012783490263623299,0.010999238588342682
ENSG00000137691,CFAP300,25.689235540121334,1.656713198826718,0.8535831327262046,0.0013414965861818068,0.011435810312523121
ENSG00000119411,BSPRY,11.928457816391221,1.6513729966785506,0.78772565509782,0.0013529395806525625,0.011517398534799841
ENSG00000281103,TRG-AS1,11.038005179576581,-1.928535789016772,0.9686317987975106,0.0013640983049910773,0.011586803267535577
ENSG00000132881,CPLANE2,19.036712259702018,1.2756451584002497,0.6078320977442957,0.0013711175449275961,0.011622620824120538
ENSG00000291382,CPLANE2,19.036712259702018,1.2756451584002497,0.6078320977442957,0.0013711175449275961,0.011622620824120538
ENSG00000290033,ENSG00000290033.1,27.531469244470962,1.0729749795898103,0.48908118682354185,0.0013727696000256293,0.011630681764466376
ENSG00000183091,NEB,78.14633305698712,-1.6285446113183184,0.8601078231977671,0.0014005791188191296,0.011830044298416774
ENSG00000237489,C10orf143,29.94459033904017,1.0358825347803808,0.47503948259724565,0.0014176493017484704,0.011949890379423463
ENSG00000078081,LAMP3,22.91031586438186,1.13091685145302,0.5247615842576616,0.0014230468950683797,0.01198321063060373
ENSG00000266602,ENSG00000266602.2,16.56114540450993,-1.4458820186193553,0.7048538929695318,0.0014357122046563284,0.01207147985962688
ENSG00000081479,LRP2,47.48871769397641,1.3607193147886198,0.6975991802219228,0.001452860190176639,0.012184781443296393
ENSG00000172348,RCAN2,25.15693217436623,1.1791300868800711,0.5596084048490431,0.0014892688658324955,0.012434581203928905
ENSG00000227811,INKA2-AS1,21.28430217518736,1.6448794595803082,0.8426875188660657,0.00148939133475235,0.012434581203928905
ENSG00000247134,ENSG00000247134.8,23.696475853574103,1.9312088438006643,1.124923075776094,0.0015228593249451683,0.012669364765052859
ENSG00000136490,LIMD2,116.86651685786318,1.0748371795931255,0.5122438842435074,0.0015335076519014015,0.012751558113981128
ENSG00000205413,SAMD9,14.09660757277199,1.702344023310469,0.8643514996059796,0.0015383952064800556,0.012785790621391605
ENSG00000181291,TMEM132E,13.400848246533213,2.230945722322174,1.2232405998470939,0.0016296052330427905,0.013422800998484037
ENSG00000181722,ZBTB20,54.750442872985346,2.159496170649841,1.3036077786643585,0.0016811718822279968,0.013758737224607912
ENSG00000148053,NTRK2,32.092344454848586,1.05109155893056,0.49988869019571414,0.0016893460983496526,0.013805203165281964
ENSG00000184588,PDE4B,15.322781817255406,1.3778285244911816,0.689790784561563,0.0016903158144673505,0.013806326462924115
ENSG00000127585,FBXL16,335.00533129504714,3.5054358689669165,3.182588176129725,0.0017094517326542947,0.01392149965292199
ENSG00000122861,PLAU,12.990876465382339,1.5939094863452572,0.8053626297181506,0.0017210770358784752,0.013987818296051517
ENSG00000114626,ABTB1,43.19352506865689,1.1936367071076717,0.6032575216159051,0.001728796561094411,0.014010261920857442
ENSG00000185437,SH3BGR,28.917151608991638,1.562376972923848,0.8430676294453634,0.0017421502809751531,0.014076074151334115
ENSG00000149256,TENM4,17.097345747597068,1.924195124018953,1.1315811768510373,0.0018221729443323776,0.014609593619289622
ENSG00000106948,AKNA,66.34762142332283,1.2574865819187568,0.6613585435554034,0.0018437922027427693,0.014754784781138352
ENSG00000163995,ABLIM2,20.638043422262864,1.175506600363789,0.5883534529038461,0.0018499968498645193,0.014785257146391121
ENSG00000272398,CD24,19.694017667983683,1.250413753450819,0.657071009782541,0.001993784033523171,0.015720001583705265
ENSG00000170743,SYT9,30.459554488156027,1.0845911074000185,0.5486500101838158,0.0019979762491186817,0.01574229332364217
ENSG00000176720,BOK,74.09419075525423,3.0082353786191556,2.8904968484477997,0.002017689432410422,0.015855731877904546
ENSG00000175793,SFN,10.87975104066178,1.6573313335776292,0.8875355657066369,0.0020772444853992375,0.016216192361547272
ENSG00000196754,S100A2,15.200443908850701,1.373280453081712,0.7294020583894624,0.0020849522161610046,0.0162610589157945
ENSG00000124151,NCOA3,517.407381473669,-1.7344239677922464,1.0654921979310181,0.0021221995910462427,0.016481820700311855
ENSG00000263004,AKAP1-DT,19.987343677006862,1.1344255585494576,0.5852509853393117,0.0021712322467821055,0.016721713900588835
ENSG00000177374,HIC1,15.379623664205228,1.3934226230973514,0.786086055943892,0.0023890705125511925,0.018179949877390703
ENSG00000105825,TFPI2,20.548657489607763,1.2074249842797915,0.6604917778897968,0.002392315651929771,0.018196297271830798
ENSG00000239569,KMT2E-AS1,9.24808402833722,1.8816000231676047,1.0922892763548324,0.0024270012047421636,0.01840589629653983
ENSG00000237310,LINC03011,24.624627816203354,1.17799597504637,0.6528154409217607,0.0024347411645295283,0.0184263543968884
ENSG00000167550,RHEBL1,17.503511284677064,1.2149660798500608,0.6695660190816136,0.0025153221612784923,0.018932250151292608
ENSG00000102032,RENBP,28.127598950029473,1.0102818785172758,0.5256546091088008,0.002529669925466158,0.01901436084891622
ENSG00000153404,PLEKHG4B,35.18308187942657,1.3168825358382232,0.8389064621811546,0.002612584708287012,0.019469976516519875
ENSG00000153563,CD8A,21.37406137383253,1.0812955421088564,0.5792912833399444,0.0026259687792148517,0.019552152638417943
ENSG00000108602,ALDH3A1,13.45079232073318,1.4627034775708154,0.8689542441216465,0.002672586928125906,0.0198369326848683
ENSG00000152128,TMEM163,13.20268301568974,1.5250816139691343,0.902368210947018,0.0026996953441221156,0.01999341342126865
ENSG00000176399,DMRTA1,14.653528230980452,1.2982349590776296,0.7582968795492941,0.0029692030038311985,0.021575168037913164
ENSG00000078487,ZCWPW1,31.14570403773831,1.428570991155399,0.9601340216485486,0.0032847874680486822,0.023366783579528125
ENSG00000053524,MCF2L2,40.02568019039733,1.22507661137501,0.8039395048279356,0.0033974632426542715,0.023993408996335338
ENSG00000156466,GDF6,15.266297285091111,1.1979226131839338,0.7330088437463091,0.0034343087853058677,0.024191825239676876
ENSG00000104419,NDRG1,426.451630312082,1.3103136977939678,0.9109773030243591,0.0035380846517297144,0.024796487658447077
ENSG00000069020,MAST4,107.49163245673134,1.0007554206653224,0.6034100184968619,0.003540025095817423,0.02479960993011623
ENSG00000221947,XKR9,19.077934810109124,1.1315884274254813,0.7128606145638642,0.003550862459630673,0.024844056239060833
ENSG00000141574,SECTM1,18.281536802901478,1.4122354488800457,1.0875147493912007,0.0035828161003026112,0.024983327569533424
ENSG00000134531,EMP1,16.773620695136145,1.2693381366123078,0.8379008643239854,0.0035983889314177195,0.025045768170754965
ENSG00000229698,HLA-F,9.315237849883907,2.132938600484489,2.4527035102024812,0.003723902166910756,0.025729201602200137
ENSG00000120875,DUSP4,19.844987707008148,1.0061143691592849,0.593594533705735,0.0038001085696451192,0.026157676789146427
ENSG00000288152,BRME1,12.723603573988221,1.5172988771902594,1.0071816389296917,0.004050386571747496,0.027515095347550866
ENSG00000254899,ENSG00000254899.1,16.320727270894274,2.0803406992981173,2.1318581209580905,0.004067372728850316,0.02761917568518129
ENSG00000080031,PTPRH,18.737757753847575,1.138567228122925,0.7706489081424225,0.004124284671081694,0.027902837850152618
ENSG00000291220,ENSG00000291220.1,25.612005281197415,1.0800479020657572,0.7104998591430339,0.004253547061965935,0.028613987109064435
ENSG00000260552,COSMOC,13.89663022173785,1.2259787590745026,0.8650792228444308,0.004344871066662236,0.0290048555834446
ENSG00000111728,ST8SIA1,12.863729282659975,1.2057239865611469,0.8924784192097258,0.0043772586834065165,0.029168230779791953
ENSG00000234965,SHISA8,19.13330041193822,1.0636464640495196,0.6876421267872334,0.004413363027742245,0.029308758713857526
ENSG00000259275,ENSG00000259275.5,13.106585972365695,1.4745736602212778,1.4669607897679169,0.00444232448148706,0.029489284042972727
ENSG00000231107,LINC01508,20.493404430261094,1.0865575350043255,0.7575899931034539,0.004591021574074109,0.030379121217517114
ENSG00000132470,ITGB4,33.12829200154409,1.3112369882345234,1.3069434441157675,0.004603313988156787,0.030436180051627314
ENSG00000276016,ABR,551.750628362479,1.4770054842160574,1.763374422127865,0.0046512976615061445,0.030664592050801014
ENSG00000189056,RELN,10.732609953519624,-1.2534641287542538,0.9448622761691545,0.004858948699083335,0.03182198972328995
ENSG00000255423,EBLN2,13.653803460555908,-1.1145412278453246,0.8160701491026685,0.00523397863669761,0.033562609819936855
ENSG00000143772,ITPKB,10.281078268824352,-1.3320434657377789,1.0838326287242432,0.0052982252160081005,0.03386984898202635
ENSG00000267475,NUDT19-DT,18.435599236525174,1.2716126767154834,1.326064170374028,0.005361105090812253,0.034179620427165436
ENSG00000287424,ENSG00000287424.1,19.002845544394972,1.000266751995403,0.7006278021125801,0.005403753256394937,0.03441184751260484
ENSG00000175445,LPL,14.806041127442004,1.3017449884206305,1.3734806498739782,0.005786475720900567,0.03633302260939421
ENSG00000100678,SLC8A3,9.52534737715606,1.222036482256735,1.1005476640249998,0.006092417713876374,0.03796661061438586
ENSG00000008056,SYN1,10.403803299874387,1.163527362512861,1.1284073599646245,0.00617866217239103,0.038345614207929216
ENSG00000291156,ENSG00000291156.1,17.6532240859611,1.119775679458706,1.91286754072365,0.006281913008259345,0.03882662253875346
ENSG00000215910,C1orf167,19.718774882118918,1.072011960133128,1.1276706737357467,0.006287402714307517,0.03884607956336961
ENSG00000267064,UXT-AS1,12.322379011374867,1.1631259105066323,1.0330172100236485,0.00631490770095619,0.03894212100391044
ENSG00000038219,BOD1L1,628.4432233721834,1.029128247768263,1.5984528419932549,0.006873097235168727,0.041551680041623185
ENSG00000171243,SOSTDC1,12.584886197241183,-1.1064274141635444,1.1737472803830435,0.00690074370602739,0.041658092190425176
ENSG00000101230,ISM1,9.772125089332611,1.1246217062201,1.1496497232434255,0.007139328818350451,0.04277151526457769
ENSG00000289469,ENSG00000289469.2,9.991263724402806,-1.097589786590763,1.484377885407393,0.007582610404730347,0.04487617695471699
ENSG00000135638,EMX1,10.410652358421599,1.0159924291710842,1.5597768093520206,0.007966873371417,0.046283558559185485
ENSG00000198502,HLA-DRB5,11.772908582183522,1.0204622339093397,1.3113088819182075,0.007957792863453111,0.046283558559185485
ENSG00000184451,CCR10,10.538122554783971,1.0196658181824914,1.4068810996463499,0.008348553479623114,0.04777313650471764
